asset_path,category,reference_label,source_dataset_path
dataset/york_real/york_real_01_yt_0001_part_001.wav,york_real,real,real/yt_0001_part_001.flac
dataset/york_real/york_real_02_yt_0002_part_003.wav,york_real,real,real/yt_0002_part_003.flac
dataset/york_real/york_real_03_yt_0003_part_001.wav,york_real,real,real/yt_0003_part_001.flac
dataset/york_real/york_real_04_yt_0005_part_001.wav,york_real,real,real/yt_0005_part_001.flac
dataset/york_real/york_real_05_yt_0006_p2_part_007.wav,york_real,real,real/yt_0006_p2_part_007.flac
dataset/york_real/york_real_06_yt_0007_p2_part_028.wav,york_real,real,real/yt_0007_p2_part_028.flac
dataset/york_real/york_real_07_yt_0009_p2_part_276.wav,york_real,real,real/yt_0009_p2_part_276.flac
dataset/york_real/york_real_08_yt_0010_part_001.wav,york_real,real,real/yt_0010_part_001.flac
dataset/york_real/york_real_09_yt_0011_p2_part_176.wav,york_real,real,real/yt_0011_p2_part_176.flac
dataset/york_real/york_real_10_yt_0013_p2_part_112.wav,york_real,real,real/yt_0013_p2_part_112.flac
dataset/amazon_polly_fake/amazon_polly_fake_01_po_0001_c_part_001.wav,amazon_polly_fake,fake,fake/po_0001_c_part_001.flac
dataset/amazon_polly_fake/amazon_polly_fake_02_po_0004_c_part_001.wav,amazon_polly_fake,fake,fake/po_0004_c_part_001.flac
dataset/amazon_polly_fake/amazon_polly_fake_03_po_0007_c_part_011.wav,amazon_polly_fake,fake,fake/po_0007_c_part_011.flac
dataset/amazon_polly_fake/amazon_polly_fake_04_po_0010_c_part_004.wav,amazon_polly_fake,fake,fake/po_0010_c_part_004.flac
dataset/amazon_polly_fake/amazon_polly_fake_05_po_0017_part_001.wav,amazon_polly_fake,fake,fake/po_0017_part_001.flac
dataset/amazon_polly_fake/amazon_polly_fake_06_po_0021_part_001.wav,amazon_polly_fake,fake,fake/po_0021_part_001.flac
dataset/amazon_polly_fake/amazon_polly_fake_07_po_0024_part_001.wav,amazon_polly_fake,fake,fake/po_0024_part_001.flac
dataset/amazon_polly_fake/amazon_polly_fake_08_po_0027_c_part_007.wav,amazon_polly_fake,fake,fake/po_0027_c_part_007.flac
dataset/amazon_polly_fake/amazon_polly_fake_09_po_0030_c_part_010.wav,amazon_polly_fake,fake,fake/po_0030_c_part_010.flac
dataset/amazon_polly_fake/amazon_polly_fake_10_po_0034_c_part_012.wav,amazon_polly_fake,fake,fake/po_0034_c_part_012.flac
dataset/elevenlabs_fake/elevenlabs_fake_01_el_0002_c_part_001.wav,elevenlabs_fake,fake,fake/el_0002_c_part_001.flac
dataset/elevenlabs_fake/elevenlabs_fake_02_el_0004_c_part_001.wav,elevenlabs_fake,fake,fake/el_0004_c_part_001.flac
dataset/elevenlabs_fake/elevenlabs_fake_03_el_0007_c_part_001.wav,elevenlabs_fake,fake,fake/el_0007_c_part_001.flac
dataset/elevenlabs_fake/elevenlabs_fake_04_el_0010_c_part_005.wav,elevenlabs_fake,fake,fake/el_0010_c_part_005.flac
dataset/elevenlabs_fake/elevenlabs_fake_05_el_0013_c_part_007.wav,elevenlabs_fake,fake,fake/el_0013_c_part_007.flac
dataset/elevenlabs_fake/elevenlabs_fake_06_el_0016_part_001.wav,elevenlabs_fake,fake,fake/el_0016_part_001.flac
dataset/elevenlabs_fake/elevenlabs_fake_07_el_0019_c_part_002.wav,elevenlabs_fake,fake,fake/el_0019_c_part_002.flac
dataset/elevenlabs_fake/elevenlabs_fake_08_el_0022_c_part_002.wav,elevenlabs_fake,fake,fake/el_0022_c_part_002.flac
dataset/elevenlabs_fake/elevenlabs_fake_09_el_0025_part_001.wav,elevenlabs_fake,fake,fake/el_0025_part_001.flac
dataset/elevenlabs_fake/elevenlabs_fake_10_el_0028_part_001.wav,elevenlabs_fake,fake,fake/el_0028_part_001.flac
